{
	"$schema": "https://charm.land/crush.json",
	"options": {
    		"attribution": {
      			"co_authored_by": true,
        		"generated_with": true
		},
		"disable_metrics": true
	},
	"permissions": {
		"allowed_tools": [
			"view", "edit", "ls", "grep", "mcp_context7",
			"source", "dc", "k", "compose", "docker compose", "docker", "kubectl", "bash", "curl", 
			"mcp_fetch", "mcp_mnemex", "mcp_codegraph", "mcp_fetch", "mcp_memory", "mcp_diasyUI_Docs",
			"mcp_cortex", "mcp_tavily"
		]	
	},
	"lsp": {
		"typescript": {
			"command": "typescript-language-server",
			"args": [
				"--stdio"
			]
		},
		"yaml": {
			"command": "yaml-language-server",
			"args": [
				"--stdio"
			]
		},
		"python": {
			"command": "pyright-langserver",
			"args": [
				"--stdio"
			]
		}
	},
	"mcp": {
		"context7": {
			"type": "http",
			"url": "https://mcp.context7.com/mcp",
			"headers": {
				"CONTEXT7_API_KEY": "$CONTEXT7_API_KEY"
			},
			"enabled": true
		},
		"playwright": {
			"type": "stdio",
			"command": "npx",
			"args": [
				"@playwright/mcp@latest"
			],
			"enabled": false
		},
		"fetch": {
			"type": "stdio",
			"command": "uvx",
			"args": ["mcp-server-fetch"],
			"enabled": true
		},
		"tavily": {
			"type": "http",
			"url": "https://mcp.tavily.com/mcp/?tavilyApiKey=$TAVILY_API_KEY",
			"enabled": true
		},
		"cortex": {
			"type": "stdio",
			"command": "$HOME/.local/bin/cortexgraph/bin/cortexgraph",
			"enabled": true
		},
		"codegraph": {
			"type": "http",
			"url": "http://localhost:10101/mcp",
			"enabled": true
		}
	}	
}
